#group,false,false,true,true,false,false,true,true,true
#datatype,string,long,dateTime:RFC3339,dateTime:RFC3339,dateTime:RFC3339,double,string,string,string
#default,mean,,,,,,,,
,result,table,_start,_stop,_time,_value,_field,_measurement,timestamp
,,0,2022-06-27T18:59:52.149986477Z,2022-07-27T18:59:52.149986477Z,2022-07-27T13:00:00Z,55,external,light,1658926073469
,,1,2022-06-27T18:59:52.149986477Z,2022-07-27T18:59:52.149986477Z,2022-07-27T13:00:00Z,55,external,light,1658926098538
,,2,2022-06-27T18:59:52.149986477Z,2022-07-27T18:59:52.149986477Z,2022-07-27T13:00:00Z,56,external,light,1658926153598
,,3,2022-06-27T18:59:52.149986477Z,2022-07-27T18:59:52.149986477Z,2022-07-27T13:00:00Z,55,external,light,1658926178660
,,4,2022-06-27T18:59:52.149986477Z,2022-07-27T18:59:52.149986477Z,2022-07-27T13:00:00Z,56,external,light,1658926209774
,,5,2022-06-27T18:59:52.149986477Z,2022-07-27T18:59:52.149986477Z,2022-07-27T13:00:00Z,57,external,light,1658926234828
,,6,2022-06-27T18:59:52.149986477Z,2022-07-27T18:59:52.149986477Z,2022-07-27T13:00:00Z,57,external,light,1658926259864
,,7,2022-06-27T18:59:52.149986477Z,2022-07-27T18:59:52.149986477Z,2022-07-27T13:00:00Z,57,external,light,1658926290890
,,8,2022-06-27T18:59:52.149986477Z,2022-07-27T18:59:52.149986477Z,2022-07-27T13:00:00Z,57,external,light,1658926315979
,,9,2022-06-27T18:59:52.149986477Z,2022-07-27T18:59:52.149986477Z,2022-07-27T13:00:00Z,58,external,light,1658926347108
,,10,2022-06-27T18:59:52.149986477Z,2022-07-27T18:59:52.149986477Z,2022-07-27T13:00:00Z,58,external,light,1658926378061
,,11,2022-06-27T18:59:52.149986477Z,2022-07-27T18:59:52.149986477Z,2022-07-27T13:00:00Z,58,external,light,1658926398528
,,12,2022-06-27T18:59:52.149986477Z,2022-07-27T18:59:52.149986477Z,2022-07-27T13:00:00Z,58,external,light,1658926458161
,,13,2022-06-27T18:59:52.149986477Z,2022-07-27T18:59:52.149986477Z,2022-07-27T13:00:00Z,58,external,light,1658926483208
,,14,2022-06-27T18:59:52.149986477Z,2022-07-27T18:59:52.149986477Z,2022-07-27T13:00:00Z,58,external,light,1658926508255
,,15,2022-06-27T18:59:52.149986477Z,2022-07-27T18:59:52.149986477Z,2022-07-27T13:00:00Z,58,external,light,1658926533273
,,16,2022-06-27T18:59:52.149986477Z,2022-07-27T18:59:52.149986477Z,2022-07-27T13:00:00Z,57,external,light,1658926558371
,,17,2022-06-27T18:59:52.149986477Z,2022-07-27T18:59:52.149986477Z,2022-07-27T13:00:00Z,58,external,light,1658926583427
,,18,2022-06-27T18:59:52.149986477Z,2022-07-27T18:59:52.149986477Z,2022-07-27T13:00:00Z,60,external,light,1658926608459
,,19,2022-06-27T18:59:52.149986477Z,2022-07-27T18:59:52.149986477Z,2022-07-27T13:00:00Z,49,external,light,1658926633482
,,20,2022-06-27T18:59:52.149986477Z,2022-07-27T18:59:52.149986477Z,2022-07-27T14:00:00Z,62,external,light,1658928629685
,,21,2022-06-27T18:59:52.149986477Z,2022-07-27T18:59:52.149986477Z,2022-07-27T14:00:00Z,60,external,light,1658928688787
,,22,2022-06-27T18:59:52.149986477Z,2022-07-27T18:59:52.149986477Z,2022-07-27T14:00:00Z,103,external,light,1658928749930
,,23,2022-06-27T18:59:52.149986477Z,2022-07-27T18:59:52.149986477Z,2022-07-27T14:00:00Z,61,external,light,1658928804990
,,24,2022-06-27T18:59:52.149986477Z,2022-07-27T18:59:52.149986477Z,2022-07-27T14:00:00Z,62,external,light,1658928830033
,,25,2022-06-27T18:59:52.149986477Z,2022-07-27T18:59:52.149986477Z,2022-07-27T14:00:00Z,59,external,light,1658928891065
,,26,2022-06-27T18:59:52.149986477Z,2022-07-27T18:59:52.149986477Z,2022-07-27T14:00:00Z,63,external,light,1658929228543
,,27,2022-06-27T18:59:52.149986477Z,2022-07-27T18:59:52.149986477Z,2022-07-27T14:00:00Z,62,external,light,1658929253583
,,28,2022-06-27T18:59:52.149986477Z,2022-07-27T18:59:52.149986477Z,2022-07-27T14:00:00Z,62,external,light,1658929285895
,,29,2022-06-27T18:59:52.149986477Z,2022-07-27T18:59:52.149986477Z,2022-07-27T14:00:00Z,62,external,light,1658929335617
,,30,2022-06-27T18:59:52.149986477Z,2022-07-27T18:59:52.149986477Z,2022-07-27T14:00:00Z,61,external,light,1658929360670
,,31,2022-06-27T18:59:52.149986477Z,2022-07-27T18:59:52.149986477Z,2022-07-27T14:00:00Z,62,external,light,1658929385726
,,32,2022-06-27T18:59:52.149986477Z,2022-07-27T18:59:52.149986477Z,2022-07-27T14:00:00Z,62,external,light,1658929416833
,,33,2022-06-27T18:59:52.149986477Z,2022-07-27T18:59:52.149986477Z,2022-07-27T14:00:00Z,63,external,light,1658929447878
,,34,2022-06-27T18:59:52.149986477Z,2022-07-27T18:59:52.149986477Z,2022-07-27T14:00:00Z,60,external,light,1658929472941
,,35,2022-06-27T18:59:52.149986477Z,2022-07-27T18:59:52.149986477Z,2022-07-27T14:00:00Z,62,external,light,1658929503979
,,36,2022-06-27T18:59:52.149986477Z,2022-07-27T18:59:52.149986477Z,2022-07-27T14:00:00Z,63,external,light,1658929529042
,,37,2022-06-27T18:59:52.149986477Z,2022-07-27T18:59:52.149986477Z,2022-07-27T14:00:00Z,64,external,light,1658929554091
,,38,2022-06-27T18:59:52.149986477Z,2022-07-27T18:59:52.149986477Z,2022-07-27T14:00:00Z,64,external,light,1658929579123
,,39,2022-06-27T18:59:52.149986477Z,2022-07-27T18:59:52.149986477Z,2022-07-27T14:00:00Z,70,external,light,1658929604179
,,40,2022-06-27T18:59:52.149986477Z,2022-07-27T18:59:52.149986477Z,2022-07-27T14:00:00Z,65,external,light,1658929629225
,,41,2022-06-27T18:59:52.149986477Z,2022-07-27T18:59:52.149986477Z,2022-07-27T14:00:00Z,74,external,light,1658929990434
,,42,2022-06-27T18:59:52.149986477Z,2022-07-27T18:59:52.149986477Z,2022-07-27T14:00:00Z,70,external,light,1658930021621
,,43,2022-06-27T18:59:52.149986477Z,2022-07-27T18:59:52.149986477Z,2022-07-27T14:00:00Z,66,external,light,1658930040470
,,44,2022-06-27T18:59:52.149986477Z,2022-07-27T18:59:52.149986477Z,2022-07-27T14:00:00Z,58,external,light,1658930221872
,,45,2022-06-27T18:59:52.149986477Z,2022-07-27T18:59:52.149986477Z,2022-07-27T14:00:00Z,61,external,light,1658930252943
,,46,2022-06-27T18:59:52.149986477Z,2022-07-27T18:59:52.149986477Z,2022-07-27T14:00:00Z,61,external,light,1658930278010
,,47,2022-06-27T18:59:52.149986477Z,2022-07-27T18:59:52.149986477Z,2022-07-27T14:00:00Z,63,external,light,1658930303053
,,48,2022-06-27T18:59:52.149986477Z,2022-07-27T18:59:52.149986477Z,2022-07-27T14:00:00Z,64,external,light,1658930334100
,,49,2022-06-27T18:59:52.149986477Z,2022-07-27T18:59:52.149986477Z,2022-07-27T14:00:00Z,64,external,light,1658930359153
,,50,2022-06-27T18:59:52.149986477Z,2022-07-27T18:59:52.149986477Z,2022-07-27T14:00:00Z,64,external,light,1658930384205
,,51,2022-06-27T18:59:52.149986477Z,2022-07-27T18:59:52.149986477Z,2022-07-27T15:00:00Z,62,external,light,1658930410026
,,52,2022-06-27T18:59:52.149986477Z,2022-07-27T18:59:52.149986477Z,2022-07-27T15:00:00Z,62,external,light,1658930434291
,,53,2022-06-27T18:59:52.149986477Z,2022-07-27T18:59:52.149986477Z,2022-07-27T15:00:00Z,62,external,light,1658930459346
,,54,2022-06-27T18:59:52.149986477Z,2022-07-27T18:59:52.149986477Z,2022-07-27T15:00:00Z,62,external,light,1658930484375
,,55,2022-06-27T18:59:52.149986477Z,2022-07-27T18:59:52.149986477Z,2022-07-27T15:00:00Z,62,external,light,1658930509438
,,56,2022-06-27T18:59:52.149986477Z,2022-07-27T18:59:52.149986477Z,2022-07-27T15:00:00Z,61,external,light,1658930534492
,,57,2022-06-27T18:59:52.149986477Z,2022-07-27T18:59:52.149986477Z,2022-07-27T15:00:00Z,61,external,light,1658930565569
,,58,2022-06-27T18:59:52.149986477Z,2022-07-27T18:59:52.149986477Z,2022-07-27T15:00:00Z,62,external,light,1658930591383
,,59,2022-06-27T18:59:52.149986477Z,2022-07-27T18:59:52.149986477Z,2022-07-27T15:00:00Z,63,external,light,1658930651744
,,60,2022-06-27T18:59:52.149986477Z,2022-07-27T18:59:52.149986477Z,2022-07-27T15:00:00Z,64,external,light,1658930676801
,,61,2022-06-27T18:59:52.149986477Z,2022-07-27T18:59:52.149986477Z,2022-07-27T15:00:00Z,64,external,light,1658930701862
,,62,2022-06-27T18:59:52.149986477Z,2022-07-27T18:59:52.149986477Z,2022-07-27T15:00:00Z,65,external,light,1658930726896
,,63,2022-06-27T18:59:52.149986477Z,2022-07-27T18:59:52.149986477Z,2022-07-27T15:00:00Z,63,external,light,1658930763939
,,64,2022-06-27T18:59:52.149986477Z,2022-07-27T18:59:52.149986477Z,2022-07-27T15:00:00Z,63,external,light,1658930789074
,,65,2022-06-27T18:59:52.149986477Z,2022-07-27T18:59:52.149986477Z,2022-07-27T15:00:00Z,63,external,light,1658930820044
,,66,2022-06-27T18:59:52.149986477Z,2022-07-27T18:59:52.149986477Z,2022-07-27T15:00:00Z,64,external,light,1658930845117
,,67,2022-06-27T18:59:52.149986477Z,2022-07-27T18:59:52.149986477Z,2022-07-27T15:00:00Z,61,external,light,1658930870171
,,68,2022-06-27T18:59:52.149986477Z,2022-07-27T18:59:52.149986477Z,2022-07-27T15:00:00Z,60,external,light,1658930901215
,,69,2022-06-27T18:59:52.149986477Z,2022-07-27T18:59:52.149986477Z,2022-07-27T15:00:00Z,62,external,light,1658930926285
,,70,2022-06-27T18:59:52.149986477Z,2022-07-27T18:59:52.149986477Z,2022-07-27T15:00:00Z,63,external,light,1658930951332
,,71,2022-06-27T18:59:52.149986477Z,2022-07-27T18:59:52.149986477Z,2022-07-27T15:00:00Z,62,external,light,1658930976394
,,72,2022-06-27T18:59:52.149986477Z,2022-07-27T18:59:52.149986477Z,2022-07-27T15:00:00Z,58,external,light,1658931001434
,,73,2022-06-27T18:59:52.149986477Z,2022-07-27T18:59:52.149986477Z,2022-07-27T15:00:00Z,58,external,light,1658931032485
,,74,2022-06-27T18:59:52.149986477Z,2022-07-27T18:59:52.149986477Z,2022-07-27T15:00:00Z,62,external,light,1658931051534
,,75,2022-06-27T18:59:52.149986477Z,2022-07-27T18:59:52.149986477Z,2022-07-27T15:00:00Z,65,external,light,1658931082585
,,76,2022-06-27T18:59:52.149986477Z,2022-07-27T18:59:52.149986477Z,2022-07-27T15:00:00Z,82,external,light,1658931101636
,,77,2022-06-27T18:59:52.149986477Z,2022-07-27T18:59:52.149986477Z,2022-07-27T15:00:00Z,78,external,light,1658931150685
,,78,2022-06-27T18:59:52.149986477Z,2022-07-27T18:59:52.149986477Z,2022-07-27T15:00:00Z,77,external,light,1658931205741
,,79,2022-06-27T18:59:52.149986477Z,2022-07-27T18:59:52.149986477Z,2022-07-27T15:00:00Z,78,external,light,1658931224783
,,80,2022-06-27T18:59:52.149986477Z,2022-07-27T18:59:52.149986477Z,2022-07-27T15:00:00Z,78,external,light,1658931255829
,,81,2022-06-27T18:59:52.149986477Z,2022-07-27T18:59:52.149986477Z,2022-07-27T15:00:00Z,77,external,light,1658931286958
,,82,2022-06-27T18:59:52.149986477Z,2022-07-27T18:59:52.149986477Z,2022-07-27T15:00:00Z,77,external,light,1658931312016
,,83,2022-06-27T18:59:52.149986477Z,2022-07-27T18:59:52.149986477Z,2022-07-27T15:00:00Z,77,external,light,1658931337053
,,84,2022-06-27T18:59:52.149986477Z,2022-07-27T18:59:52.149986477Z,2022-07-27T15:00:00Z,76,external,light,1658931368117
,,85,2022-06-27T18:59:52.149986477Z,2022-07-27T18:59:52.149986477Z,2022-07-27T15:00:00Z,75,external,light,1658931410685
,,86,2022-06-27T18:59:52.149986477Z,2022-07-27T18:59:52.149986477Z,2022-07-27T15:00:00Z,73,external,light,1658931435679
,,87,2022-06-27T18:59:52.149986477Z,2022-07-27T18:59:52.149986477Z,2022-07-27T15:00:00Z,87,external,light,1658931466866
,,88,2022-06-27T18:59:52.149986477Z,2022-07-27T18:59:52.149986477Z,2022-07-27T15:00:00Z,86,external,light,1658931491915
,,89,2022-06-27T18:59:52.149986477Z,2022-07-27T18:59:52.149986477Z,2022-07-27T15:00:00Z,86,external,light,1658931516946
,,90,2022-06-27T18:59:52.149986477Z,2022-07-27T18:59:52.149986477Z,2022-07-27T15:00:00Z,85,external,light,1658931548001
,,91,2022-06-27T18:59:52.149986477Z,2022-07-27T18:59:52.149986477Z,2022-07-27T15:00:00Z,85,external,light,1658931579047
,,92,2022-06-27T18:59:52.149986477Z,2022-07-27T18:59:52.149986477Z,2022-07-27T15:00:00Z,87,external,light,1658931598094
,,93,2022-06-27T18:59:52.149986477Z,2022-07-27T18:59:52.149986477Z,2022-07-27T15:00:00Z,87,external,light,1658931813499
,,94,2022-06-27T18:59:52.149986477Z,2022-07-27T18:59:52.149986477Z,2022-07-27T15:00:00Z,87,external,light,1658931880543
,,95,2022-06-27T18:59:52.149986477Z,2022-07-27T18:59:52.149986477Z,2022-07-27T15:00:00Z,88,external,light,1658931911597
,,96,2022-06-27T18:59:52.149986477Z,2022-07-27T18:59:52.149986477Z,2022-07-27T15:00:00Z,88,external,light,1658931942682
,,97,2022-06-27T18:59:52.149986477Z,2022-07-27T18:59:52.149986477Z,2022-07-27T15:00:00Z,87,external,light,1658931967750
,,98,2022-06-27T18:59:52.149986477Z,2022-07-27T18:59:52.149986477Z,2022-07-27T15:00:00Z,87,external,light,1658931992776
,,99,2022-06-27T18:59:52.149986477Z,2022-07-27T18:59:52.149986477Z,2022-07-27T15:00:00Z,79,external,light,1658932017827
,,100,2022-06-27T18:59:52.149986477Z,2022-07-27T18:59:52.149986477Z,2022-07-27T15:00:00Z,80,external,light,1658932042866
,,101,2022-06-27T18:59:52.149986477Z,2022-07-27T18:59:52.149986477Z,2022-07-27T15:00:00Z,81,external,light,1658932067922
,,102,2022-06-27T18:59:52.149986477Z,2022-07-27T18:59:52.149986477Z,2022-07-27T15:00:00Z,81,external,light,1658932092973
,,103,2022-06-27T18:59:52.149986477Z,2022-07-27T18:59:52.149986477Z,2022-07-27T15:00:00Z,82,external,light,1658932118016
,,104,2022-06-27T18:59:52.149986477Z,2022-07-27T18:59:52.149986477Z,2022-07-27T15:00:00Z,82,external,light,1658932143073
,,105,2022-06-27T18:59:52.149986477Z,2022-07-27T18:59:52.149986477Z,2022-07-27T15:00:00Z,82,external,light,1658932168112
,,106,2022-06-27T18:59:52.149986477Z,2022-07-27T18:59:52.149986477Z,2022-07-27T15:00:00Z,82,external,light,1658932193176
,,107,2022-06-27T18:59:52.149986477Z,2022-07-27T18:59:52.149986477Z,2022-07-27T15:00:00Z,82,external,light,1658932224227
,,108,2022-06-27T18:59:52.149986477Z,2022-07-27T18:59:52.149986477Z,2022-07-27T15:00:00Z,80,external,light,1658932255352
,,109,2022-06-27T18:59:52.149986477Z,2022-07-27T18:59:52.149986477Z,2022-07-27T15:00:00Z,85,external,light,1658932344106
,,110,2022-06-27T18:59:52.149986477Z,2022-07-27T18:59:52.149986477Z,2022-07-27T15:00:00Z,82,external,light,1658932375155
,,111,2022-06-27T18:59:52.149986477Z,2022-07-27T18:59:52.149986477Z,2022-07-27T15:00:00Z,64,external,light,1658932807241
,,112,2022-06-27T18:59:52.149986477Z,2022-07-27T18:59:52.149986477Z,2022-07-27T15:00:00Z,55,external,light,1658932832283
,,113,2022-06-27T18:59:52.149986477Z,2022-07-27T18:59:52.149986477Z,2022-07-27T15:00:00Z,67,external,light,1658932857335
,,114,2022-06-27T18:59:52.149986477Z,2022-07-27T18:59:52.149986477Z,2022-07-27T15:00:00Z,94,external,light,1658932888448
,,115,2022-06-27T18:59:52.149986477Z,2022-07-27T18:59:52.149986477Z,2022-07-27T15:00:00Z,92,external,light,1658932919446
,,116,2022-06-27T18:59:52.149986477Z,2022-07-27T18:59:52.149986477Z,2022-07-27T15:00:00Z,95,external,light,1658933011815
,,117,2022-06-27T18:59:52.149986477Z,2022-07-27T18:59:52.149986477Z,2022-07-27T15:00:00Z,89,external,light,1658933175036
,,118,2022-06-27T18:59:52.149986477Z,2022-07-27T18:59:52.149986477Z,2022-07-27T15:00:00Z,57,external,light,1658933320119
,,119,2022-06-27T18:59:52.149986477Z,2022-07-27T18:59:52.149986477Z,2022-07-27T15:00:00Z,50,external,light,1658933369172
,,120,2022-06-27T18:59:52.149986477Z,2022-07-27T18:59:52.149986477Z,2022-07-27T15:00:00Z,49,external,light,1658933436059
,,121,2022-06-27T18:59:52.149986477Z,2022-07-27T18:59:52.149986477Z,2022-07-27T15:00:00Z,49,external,light,1658933467126
,,122,2022-06-27T18:59:52.149986477Z,2022-07-27T18:59:52.149986477Z,2022-07-27T15:00:00Z,47,external,light,1658933498198
,,123,2022-06-27T18:59:52.149986477Z,2022-07-27T18:59:52.149986477Z,2022-07-27T15:00:00Z,47,external,light,1658933529285
,,124,2022-06-27T18:59:52.149986477Z,2022-07-27T18:59:52.149986477Z,2022-07-27T15:00:00Z,47,external,light,1658933560441
,,125,2022-06-27T18:59:52.149986477Z,2022-07-27T18:59:52.149986477Z,2022-07-27T15:00:00Z,41,external,light,1658933591524
,,126,2022-06-27T18:59:52.149986477Z,2022-07-27T18:59:52.149986477Z,2022-07-27T15:00:00Z,46,external,light,1658933622561
,,127,2022-06-27T18:59:52.149986477Z,2022-07-27T18:59:52.149986477Z,2022-07-27T15:00:00Z,48,external,light,1658933671620
,,128,2022-06-27T18:59:52.149986477Z,2022-07-27T18:59:52.149986477Z,2022-07-27T15:00:00Z,48,external,light,1658933720652
,,129,2022-06-27T18:59:52.149986477Z,2022-07-27T18:59:52.149986477Z,2022-07-27T15:00:00Z,48,external,light,1658933751698
,,130,2022-06-27T18:59:52.149986477Z,2022-07-27T18:59:52.149986477Z,2022-07-27T15:00:00Z,54,external,light,1658933808567
,,131,2022-06-27T18:59:52.149986477Z,2022-07-27T18:59:52.149986477Z,2022-07-27T15:00:00Z,48,external,light,1658933833612
,,132,2022-06-27T18:59:52.149986477Z,2022-07-27T18:59:52.149986477Z,2022-07-27T15:00:00Z,48,external,light,1658933914855
,,133,2022-06-27T18:59:52.149986477Z,2022-07-27T18:59:52.149986477Z,2022-07-27T15:00:00Z,43,external,light,1658933987145
,,134,2022-06-27T18:59:52.149986477Z,2022-07-27T18:59:52.149986477Z,2022-07-27T16:00:00Z,49,external,light,1658934012197
,,135,2022-06-27T18:59:52.149986477Z,2022-07-27T18:59:52.149986477Z,2022-07-27T16:00:00Z,50,external,light,1658934037250
,,136,2022-06-27T18:59:52.149986477Z,2022-07-27T18:59:52.149986477Z,2022-07-27T16:00:00Z,52,external,light,1658934062305
,,137,2022-06-27T18:59:52.149986477Z,2022-07-27T18:59:52.149986477Z,2022-07-27T16:00:00Z,51,external,light,1658934087334
,,138,2022-06-27T18:59:52.149986477Z,2022-07-27T18:59:52.149986477Z,2022-07-27T16:00:00Z,54,external,light,1658934112378
,,139,2022-06-27T18:59:52.149986477Z,2022-07-27T18:59:52.149986477Z,2022-07-27T16:00:00Z,56,external,light,1658934223512
,,140,2022-06-27T18:59:52.149986477Z,2022-07-27T18:59:52.149986477Z,2022-07-27T16:00:00Z,56,external,light,1658934248590
,,141,2022-06-27T18:59:52.149986477Z,2022-07-27T18:59:52.149986477Z,2022-07-27T16:00:00Z,53,external,light,1658934317691
,,142,2022-06-27T18:59:52.149986477Z,2022-07-27T18:59:52.149986477Z,2022-07-27T16:00:00Z,52,external,light,1658934342752
,,143,2022-06-27T18:59:52.149986477Z,2022-07-27T18:59:52.149986477Z,2022-07-27T16:00:00Z,51,external,light,1658934367788
,,144,2022-06-27T18:59:52.149986477Z,2022-07-27T18:59:52.149986477Z,2022-07-27T16:00:00Z,53,external,light,1658934392832
,,145,2022-06-27T18:59:52.149986477Z,2022-07-27T18:59:52.149986477Z,2022-07-27T16:00:00Z,54,external,light,1658934441886
,,146,2022-06-27T18:59:52.149986477Z,2022-07-27T18:59:52.149986477Z,2022-07-27T16:00:00Z,56,external,light,1658934466939
,,147,2022-06-27T18:59:52.149986477Z,2022-07-27T18:59:52.149986477Z,2022-07-27T16:00:00Z,55,external,light,1658934521978
,,148,2022-06-27T18:59:52.149986477Z,2022-07-27T18:59:52.149986477Z,2022-07-27T16:00:00Z,55,external,light,1658934547060
,,149,2022-06-27T18:59:52.149986477Z,2022-07-27T18:59:52.149986477Z,2022-07-27T16:00:00Z,54,external,light,1658934572117
,,150,2022-06-27T18:59:52.149986477Z,2022-07-27T18:59:52.149986477Z,2022-07-27T16:00:00Z,54,external,light,1658934597187
,,151,2022-06-27T18:59:52.149986477Z,2022-07-27T18:59:52.149986477Z,2022-07-27T16:00:00Z,54,external,light,1658934622228
,,152,2022-06-27T18:59:52.149986477Z,2022-07-27T18:59:52.149986477Z,2022-07-27T16:00:00Z,53,external,light,1658934647303
,,153,2022-06-27T18:59:52.149986477Z,2022-07-27T18:59:52.149986477Z,2022-07-27T16:00:00Z,53,external,light,1658934672324
,,154,2022-06-27T18:59:52.149986477Z,2022-07-27T18:59:52.149986477Z,2022-07-27T16:00:00Z,53,external,light,1658934698928
,,155,2022-06-27T18:59:52.149986477Z,2022-07-27T18:59:52.149986477Z,2022-07-27T16:00:00Z,55,external,light,1658934722425
,,156,2022-06-27T18:59:52.149986477Z,2022-07-27T18:59:52.149986477Z,2022-07-27T16:00:00Z,56,external,light,1658934821235
,,157,2022-06-27T18:59:52.149986477Z,2022-07-27T18:59:52.149986477Z,2022-07-27T16:00:00Z,52,external,light,1658934852299
,,158,2022-06-27T18:59:52.149986477Z,2022-07-27T18:59:52.149986477Z,2022-07-27T16:00:00Z,51,external,light,1658934877348
,,159,2022-06-27T18:59:52.149986477Z,2022-07-27T18:59:52.149986477Z,2022-07-27T16:00:00Z,45,external,light,1658934956989
,,160,2022-06-27T18:59:52.149986477Z,2022-07-27T18:59:52.149986477Z,2022-07-27T16:00:00Z,39,external,light,1658935006054
,,161,2022-06-27T18:59:52.149986477Z,2022-07-27T18:59:52.149986477Z,2022-07-27T16:00:00Z,39,external,light,1658935031136
,,162,2022-06-27T18:59:52.149986477Z,2022-07-27T18:59:52.149986477Z,2022-07-27T16:00:00Z,41,external,light,1658935056169
,,163,2022-06-27T18:59:52.149986477Z,2022-07-27T18:59:52.149986477Z,2022-07-27T16:00:00Z,43,external,light,1658935093221
,,164,2022-06-27T18:59:52.149986477Z,2022-07-27T18:59:52.149986477Z,2022-07-27T16:00:00Z,42,external,light,1658935142302
,,165,2022-06-27T18:59:52.149986477Z,2022-07-27T18:59:52.149986477Z,2022-07-27T16:00:00Z,43,external,light,1658935267876
,,166,2022-06-27T18:59:52.149986477Z,2022-07-27T18:59:52.149986477Z,2022-07-27T16:00:00Z,39,external,light,1658935306545
,,167,2022-06-27T18:59:52.149986477Z,2022-07-27T18:59:52.149986477Z,2022-07-27T16:00:00Z,39,external,light,1658935331585
,,168,2022-06-27T18:59:52.149986477Z,2022-07-27T18:59:52.149986477Z,2022-07-27T16:00:00Z,39,external,light,1658935362646
,,169,2022-06-27T18:59:52.149986477Z,2022-07-27T18:59:52.149986477Z,2022-07-27T16:00:00Z,36,external,light,1658935393687
,,170,2022-06-27T18:59:52.149986477Z,2022-07-27T18:59:52.149986477Z,2022-07-27T16:00:00Z,53,external,light,1658935418754
,,171,2022-06-27T18:59:52.149986477Z,2022-07-27T18:59:52.149986477Z,2022-07-27T16:00:00Z,55,external,light,1658935443789
,,172,2022-06-27T18:59:52.149986477Z,2022-07-27T18:59:52.149986477Z,2022-07-27T16:00:00Z,72,external,light,1658935639537
,,173,2022-06-27T18:59:52.149986477Z,2022-07-27T18:59:52.149986477Z,2022-07-27T16:00:00Z,71,external,light,1658935676608
,,174,2022-06-27T18:59:52.149986477Z,2022-07-27T18:59:52.149986477Z,2022-07-27T16:00:00Z,71,external,light,1658935811223
,,175,2022-06-27T18:59:52.149986477Z,2022-07-27T18:59:52.149986477Z,2022-07-27T16:00:00Z,70,external,light,1658935869105
,,176,2022-06-27T18:59:52.149986477Z,2022-07-27T18:59:52.149986477Z,2022-07-27T16:00:00Z,42,external,light,1658936334092
,,177,2022-06-27T18:59:52.149986477Z,2022-07-27T18:59:52.149986477Z,2022-07-27T16:00:00Z,35,external,light,1658936391968
,,178,2022-06-27T18:59:52.149986477Z,2022-07-27T18:59:52.149986477Z,2022-07-27T16:00:00Z,39,external,light,1658936608952
,,179,2022-06-27T18:59:52.149986477Z,2022-07-27T18:59:52.149986477Z,2022-07-27T16:00:00Z,42,external,light,1658936639044
,,180,2022-06-27T18:59:52.149986477Z,2022-07-27T18:59:52.149986477Z,2022-07-27T16:00:00Z,40,external,light,1658936679316
,,181,2022-06-27T18:59:52.149986477Z,2022-07-27T18:59:52.149986477Z,2022-07-27T16:00:00Z,45,external,light,1658936797282
,,182,2022-06-27T18:59:52.149986477Z,2022-07-27T18:59:52.149986477Z,2022-07-27T16:00:00Z,41,external,light,1658937329744
,,183,2022-06-27T18:59:52.149986477Z,2022-07-27T18:59:52.149986477Z,2022-07-27T16:00:00Z,41,external,light,1658937376617
,,184,2022-06-27T18:59:52.149986477Z,2022-07-27T18:59:52.149986477Z,2022-07-27T16:00:00Z,45,external,light,1658937417787
,,185,2022-06-27T18:59:52.149986477Z,2022-07-27T18:59:52.149986477Z,2022-07-27T17:00:00Z,43,external,light,1658937760175
,,186,2022-06-27T18:59:52.149986477Z,2022-07-27T18:59:52.149986477Z,2022-07-27T17:00:00Z,41,external,light,1658937912556
,,187,2022-06-27T18:59:52.149986477Z,2022-07-27T18:59:52.149986477Z,2022-07-27T17:00:00Z,41,external,light,1658937949622
,,188,2022-06-27T18:59:52.149986477Z,2022-07-27T18:59:52.149986477Z,2022-07-27T17:00:00Z,40,external,light,1658938120323
,,189,2022-06-27T18:59:52.149986477Z,2022-07-27T18:59:52.149986477Z,2022-07-27T17:00:00Z,40,external,light,1658938151359
,,190,2022-06-27T18:59:52.149986477Z,2022-07-27T18:59:52.149986477Z,2022-07-27T17:00:00Z,40,external,light,1658938176404
,,191,2022-06-27T18:59:52.149986477Z,2022-07-27T18:59:52.149986477Z,2022-07-27T17:00:00Z,39,external,light,1658938262397
,,192,2022-06-27T18:59:52.149986477Z,2022-07-27T18:59:52.149986477Z,2022-07-27T17:00:00Z,44,external,light,1658938287465
,,193,2022-06-27T18:59:52.149986477Z,2022-07-27T18:59:52.149986477Z,2022-07-27T17:00:00Z,40,external,light,1658938312515
,,194,2022-06-27T18:59:52.149986477Z,2022-07-27T18:59:52.149986477Z,2022-07-27T17:00:00Z,40,external,light,1658938337568
,,195,2022-06-27T18:59:52.149986477Z,2022-07-27T18:59:52.149986477Z,2022-07-27T17:00:00Z,40,external,light,1658938368616
,,196,2022-06-27T18:59:52.149986477Z,2022-07-27T18:59:52.149986477Z,2022-07-27T17:00:00Z,39,external,light,1658938393688
,,197,2022-06-27T18:59:52.149986477Z,2022-07-27T18:59:52.149986477Z,2022-07-27T17:00:00Z,40,external,light,1658938418732
,,198,2022-06-27T18:59:52.149986477Z,2022-07-27T18:59:52.149986477Z,2022-07-27T17:00:00Z,41,external,light,1658938437775
,,199,2022-06-27T18:59:52.149986477Z,2022-07-27T18:59:52.149986477Z,2022-07-27T17:00:00Z,44,external,light,1658938556283
,,200,2022-06-27T18:59:52.149986477Z,2022-07-27T18:59:52.149986477Z,2022-07-27T17:00:00Z,44,external,light,1658938597485
,,201,2022-06-27T18:59:52.149986477Z,2022-07-27T18:59:52.149986477Z,2022-07-27T17:00:00Z,44,external,light,1658938626702
,,202,2022-06-27T18:59:52.149986477Z,2022-07-27T18:59:52.149986477Z,2022-07-27T17:00:00Z,43,external,light,1658938661937
,,203,2022-06-27T18:59:52.149986477Z,2022-07-27T18:59:52.149986477Z,2022-07-27T17:00:00Z,38,external,light,1658938703141
,,204,2022-06-27T18:59:52.149986477Z,2022-07-27T18:59:52.149986477Z,2022-07-27T17:00:00Z,44,external,light,1658938738367
,,205,2022-06-27T18:59:52.149986477Z,2022-07-27T18:59:52.149986477Z,2022-07-27T17:00:00Z,43,external,light,1658938821595
,,206,2022-06-27T18:59:52.149986477Z,2022-07-27T18:59:52.149986477Z,2022-07-27T17:00:00Z,43,external,light,1658938856816
,,207,2022-06-27T18:59:52.149986477Z,2022-07-27T18:59:52.149986477Z,2022-07-27T17:00:00Z,69,external,light,1658938998910
,,208,2022-06-27T18:59:52.149986477Z,2022-07-27T18:59:52.149986477Z,2022-07-27T17:00:00Z,65,external,light,1658939034120
,,209,2022-06-27T18:59:52.149986477Z,2022-07-27T18:59:52.149986477Z,2022-07-27T17:00:00Z,60,external,light,1658939069337
,,210,2022-06-27T18:59:52.149986477Z,2022-07-27T18:59:52.149986477Z,2022-07-27T17:00:00Z,62,external,light,1658939110572
,,211,2022-06-27T18:59:52.149986477Z,2022-07-27T18:59:52.149986477Z,2022-07-27T17:00:00Z,65,external,light,1658939169800
,,212,2022-06-27T18:59:52.149986477Z,2022-07-27T18:59:52.149986477Z,2022-07-27T17:00:00Z,90,external,light,1658939205021
,,213,2022-06-27T18:59:52.149986477Z,2022-07-27T18:59:52.149986477Z,2022-07-27T17:00:00Z,61,external,light,1658939240241
,,214,2022-06-27T18:59:52.149986477Z,2022-07-27T18:59:52.149986477Z,2022-07-27T17:00:00Z,64,external,light,1658939287640
,,215,2022-06-27T18:59:52.149986477Z,2022-07-27T18:59:52.149986477Z,2022-07-27T17:00:00Z,64,external,light,1658939322788
,,216,2022-06-27T18:59:52.149986477Z,2022-07-27T18:59:52.149986477Z,2022-07-27T17:00:00Z,64,external,light,1658939364166
,,217,2022-06-27T18:59:52.149986477Z,2022-07-27T18:59:52.149986477Z,2022-07-27T17:00:00Z,64,external,light,1658939399369
,,218,2022-06-27T18:59:52.149986477Z,2022-07-27T18:59:52.149986477Z,2022-07-27T17:00:00Z,63,external,light,1658939434572
,,219,2022-06-27T18:59:52.149986477Z,2022-07-27T18:59:52.149986477Z,2022-07-27T17:00:00Z,61,external,light,1658939469839
,,220,2022-06-27T18:59:52.149986477Z,2022-07-27T18:59:52.149986477Z,2022-07-27T17:00:00Z,62,external,light,1658939511029
,,221,2022-06-27T18:59:52.149986477Z,2022-07-27T18:59:52.149986477Z,2022-07-27T17:00:00Z,61,external,light,1658939552223
,,222,2022-06-27T18:59:52.149986477Z,2022-07-27T18:59:52.149986477Z,2022-07-27T17:00:00Z,64,external,light,1658939587452
,,223,2022-06-27T18:59:52.149986477Z,2022-07-27T18:59:52.149986477Z,2022-07-27T17:00:00Z,64,external,light,1658939622666
,,224,2022-06-27T18:59:52.149986477Z,2022-07-27T18:59:52.149986477Z,2022-07-27T17:00:00Z,61,external,light,1658939669888
,,225,2022-06-27T18:59:52.149986477Z,2022-07-27T18:59:52.149986477Z,2022-07-27T17:00:00Z,64,external,light,1658939705000
,,226,2022-06-27T18:59:52.149986477Z,2022-07-27T18:59:52.149986477Z,2022-07-27T17:00:00Z,63,external,light,1658939740218
,,227,2022-06-27T18:59:52.149986477Z,2022-07-27T18:59:52.149986477Z,2022-07-27T17:00:00Z,60,external,light,1658939775324
,,228,2022-06-27T18:59:52.149986477Z,2022-07-27T18:59:52.149986477Z,2022-07-27T17:00:00Z,40,external,light,1658939810557
,,229,2022-06-27T18:59:52.149986477Z,2022-07-27T18:59:52.149986477Z,2022-07-27T17:00:00Z,58,external,light,1658939845660
,,230,2022-06-27T18:59:52.149986477Z,2022-07-27T18:59:52.149986477Z,2022-07-27T17:00:00Z,57,external,light,1658939916922
,,231,2022-06-27T18:59:52.149986477Z,2022-07-27T18:59:52.149986477Z,2022-07-27T17:00:00Z,55,external,light,1658939976160
,,232,2022-06-27T18:59:52.149986477Z,2022-07-27T18:59:52.149986477Z,2022-07-27T17:00:00Z,65,external,light,1658940163758
,,233,2022-06-27T18:59:52.149986477Z,2022-07-27T18:59:52.149986477Z,2022-07-27T17:00:00Z,63,external,light,1658940197021
,,234,2022-06-27T18:59:52.149986477Z,2022-07-27T18:59:52.149986477Z,2022-07-27T18:00:00Z,58,external,light,1658941288348
,,235,2022-06-27T18:59:52.149986477Z,2022-07-27T18:59:52.149986477Z,2022-07-27T18:00:00Z,49,external,light,1658942735572
,,236,2022-06-27T18:59:52.149986477Z,2022-07-27T18:59:52.149986477Z,2022-07-27T18:00:00Z,53,external,light,1658942788743
,,237,2022-06-27T18:59:52.149986477Z,2022-07-27T18:59:52.149986477Z,2022-07-27T18:00:00Z,53,external,light,1658942936068
,,238,2022-06-27T18:59:52.149986477Z,2022-07-27T18:59:52.149986477Z,2022-07-27T18:00:00Z,52,external,light,1658943322334
,,239,2022-06-27T18:59:52.149986477Z,2022-07-27T18:59:52.149986477Z,2022-07-27T18:00:00Z,52,external,light,1658943363560
,,240,2022-06-27T18:59:52.149986477Z,2022-07-27T18:59:52.149986477Z,2022-07-27T18:00:00Z,55,external,light,1658943426528
,,241,2022-06-27T18:59:52.149986477Z,2022-07-27T18:59:52.149986477Z,2022-07-27T18:00:00Z,52,external,light,1658943462754
,,242,2022-06-27T18:59:52.149986477Z,2022-07-27T18:59:52.149986477Z,2022-07-27T18:00:00Z,54,external,light,1658944454339
,,243,2022-06-27T18:59:52.149986477Z,2022-07-27T18:59:52.149986477Z,2022-07-27T18:00:00Z,54,external,light,1658944537201
,,244,2022-06-27T18:59:52.149986477Z,2022-07-27T18:59:52.149986477Z,2022-07-27T18:59:52.149986477Z,50,external,light,1658945496602
,,245,2022-06-27T18:59:52.149986477Z,2022-07-27T18:59:52.149986477Z,2022-07-27T18:59:52.149986477Z,49,external,light,1658945685467
,,246,2022-06-27T18:59:52.149986477Z,2022-07-27T18:59:52.149986477Z,2022-07-27T18:59:52.149986477Z,51,external,light,1658945823831
,,247,2022-06-27T18:59:52.149986477Z,2022-07-27T18:59:52.149986477Z,2022-07-27T18:59:52.149986477Z,48,external,light,1658946028928
,,248,2022-06-27T18:59:52.149986477Z,2022-07-27T18:59:52.149986477Z,2022-07-27T18:59:52.149986477Z,48,external,light,1658946076054
,,249,2022-06-27T18:59:52.149986477Z,2022-07-27T18:59:52.149986477Z,2022-07-27T18:59:52.149986477Z,47,external,light,1658946117276
,,250,2022-06-27T18:59:52.149986477Z,2022-07-27T18:59:52.149986477Z,2022-07-27T18:59:52.149986477Z,47,external,light,1658946170110
,,251,2022-06-27T18:59:52.149986477Z,2022-07-27T18:59:52.149986477Z,2022-07-27T18:59:52.149986477Z,54,external,light,1658946467106
,,252,2022-06-27T18:59:52.149986477Z,2022-07-27T18:59:52.149986477Z,2022-07-27T18:59:52.149986477Z,54,external,light,1658946592782
,,253,2022-06-27T18:59:52.149986477Z,2022-07-27T18:59:52.149986477Z,2022-07-27T18:59:52.149986477Z,53,external,light,1658947143021
,,254,2022-06-27T18:59:52.149986477Z,2022-07-27T18:59:52.149986477Z,2022-07-27T18:59:52.149986477Z,54,external,light,1658947309164
,,255,2022-06-27T18:59:52.149986477Z,2022-07-27T18:59:52.149986477Z,2022-07-27T18:59:52.149986477Z,52,external,light,1658947353825
,,256,2022-06-27T18:59:52.149986477Z,2022-07-27T18:59:52.149986477Z,2022-07-27T18:59:52.149986477Z,52,external,light,1658947492115
,,257,2022-06-27T18:59:52.149986477Z,2022-07-27T18:59:52.149986477Z,2022-07-27T18:59:52.149986477Z,51,external,light,1658947564980
,,258,2022-06-27T18:59:52.149986477Z,2022-07-27T18:59:52.149986477Z,2022-07-27T18:59:52.149986477Z,52,external,light,1658947606111
,,259,2022-06-27T18:59:52.149986477Z,2022-07-27T18:59:52.149986477Z,2022-07-27T18:59:52.149986477Z,52,external,light,1658947641224
,,260,2022-06-27T18:59:52.149986477Z,2022-07-27T18:59:52.149986477Z,2022-07-27T18:59:52.149986477Z,41,external,light,1658947676456
,,261,2022-06-27T18:59:52.149986477Z,2022-07-27T18:59:52.149986477Z,2022-07-27T18:59:52.149986477Z,48,external,light,1658947758843
,,262,2022-06-27T18:59:52.149986477Z,2022-07-27T18:59:52.149986477Z,2022-07-27T18:59:52.149986477Z,50,external,light,1658947813800
,,263,2022-06-27T18:59:52.149986477Z,2022-07-27T18:59:52.149986477Z,2022-07-27T18:59:52.149986477Z,48,external,light,1658947849977
,,264,2022-06-27T18:59:52.149986477Z,2022-07-27T18:59:52.149986477Z,2022-07-27T18:59:52.149986477Z,49,external,light,1658947880560
,,265,2022-06-27T18:59:52.149986477Z,2022-07-27T18:59:52.149986477Z,2022-07-27T18:59:52.149986477Z,52,external,light,1658947920313
,,266,2022-06-27T18:59:52.149986477Z,2022-07-27T18:59:52.149986477Z,2022-07-27T18:59:52.149986477Z,48,external,light,1658947955539
,,267,2022-06-27T18:59:52.149986477Z,2022-07-27T18:59:52.149986477Z,2022-07-27T18:59:52.149986477Z,53,external,light,1658948047591

